id,revenue
3001,9188
3002,444098
3003,16775
3004,7993039
3005,120620
3006,23598
3007,17277
3008,50451307
3009,13620075
3010,146936910
3011,696681
3012,121
3013,1862805
3014,62852
3015,17425000
3016,37285
3017,50159144
3018,7103973
3019,14947
3020,435000000
3021,36160375
3022,7563728
3023,15
3024,13670688
3025,10
3026,28128670
3027,742898
3028,12342632
3029,500000
3030,39340177
3031,572809
3032,282358
3033,1
3034,596000
3035,2003822
3036,5483299
3037,5887457
3038,30658387
3039,3878993
3040,81010
3041,23
3042,25
3043,3099314
3044,1530216
3045,258022233
3046,35456
3047,5240
3048,10006806
3049,190000
3050,3775000
3051,1
3052,6819587
3053,126
3054,204
3055,23083334
3056,204
3057,42277365
3058,435000000
3059,25
3060,28931401
3061,10076790
3062,1053788
3063,5887457
3064,17218080
3065,16974459
3066,12303411
3067,16775
3068,21284514
3069,76932943
3070,23020
3071,639000
3072,164508066
3073,180590
3074,60
3075,3500605
3076,90565421
3077,100659
3078,28169671
3079,36400360
3080,25035950
3081,253527
3082,190000
3083,3878993
3084,1
3085,7500000
3086,60965854
3087,25
3088,525
3089,13674
3090,15400000
3091,5684789
3092,111996
3093,117698894
3094,25035950
3095,29657751
3096,5731103
3097,284139100
3098,13865435
3099,5446000
3100,21833
3101,1473809
3102,1400000
3103,70
3104,10082
3105,14010690
3106,5989640
3107,970816
3108,292279
3109,286201
3110,215283742
3111,47748
3112,152961
3113,14000000
3114,2450846
3115,2459895
3116,1530216
3117,7205
3118,1300000
3119,167977596
3120,54744738
3121,126463
3122,173066
3123,1012189
3124,53447
3125,20
3126,17425000
3127,24134
3128,8352885
3129,8574339
3130,1530216
3131,194720
3132,419953
3133,18
3134,923
3135,25
3136,14000
3137,33463969
3138,1500000
3139,1831348
3140,5887457
3141,13380561
3142,15
3143,32287044
3144,29657751
3145,204660
3146,33700
3147,46488
3148,215576
3149,6808550
3150,35431113
3151,2357852
3152,2000000
3153,228984
3154,3485127
3155,6405245
3156,3775000
3157,52604
3158,25182929
3159,653951
3160,2260622
3161,10
3162,6585516
3163,18564088
3164,645135
3165,8251
3166,140987
3167,18552460
3168,97
3169,30
3170,4635300
3171,152761
3172,30551495
3173,30
3174,2683519
3175,300859
3176,12355798
3177,36160375
3178,46474
3179,9318
3180,23598
3181,1007962
3182,95000000
3183,4491986
3184,46
3185,18662027
3186,13670688
3187,653951
3188,3769990
3189,9323833
3190,52604
3191,46488
3192,1469
3193,26250020
3194,7191399
3195,20
3196,190000
3197,260354
3198,29762011
3199,100086793
3200,6754898
3201,45100
3202,25900
3203,500
3204,641
3205,6700
3206,9304609
3207,21567853
3208,2804874
3209,179000
3210,258022233
3211,16136
3212,41597830
3213,20117339
3214,9221
3215,350006
3216,10759
3217,238207122
3218,6297
3219,376597
3220,75505856
3221,532269
3222,62985
3223,1723872
3224,1
3225,1600000
3226,3003
3227,240978
3228,5989640
3229,60000000
3230,22921898
3231,187674
3232,3897799
3233,23000
3234,444098
3235,30
3236,229000
3237,18564088
3238,143000
3239,93000
3240,121790373
3241,215339
3242,9188
3243,641
3244,48752
3245,1500000
3246,22165608
3247,46
3248,2106557
3249,15134293
3250,167977596
3251,10
3252,115860
3253,3500605
3254,17011
3255,486937
3256,318982
3257,1862805
3258,80768
3259,13620075
3260,26144
3261,121790373
3262,29657751
3263,92100
3264,202000
3265,13
3266,18
3267,30471
3268,10082
3269,13204291
3270,9771658
3271,199436
3272,2128186
3273,4491986
3274,146936910
3275,3775000
3276,135893
3277,18
3278,16991902
3279,3983997
3280,128388320
3281,20
3282,229000
3283,258022233
3284,807535
3285,10589102
3286,28281
3287,665450
3288,1151330
3289,13551174
3290,20158808
3291,2500000
3292,84785914
3293,50159144
3294,3485127
3295,46474
3296,25000
3297,53086
3298,9323833
3299,1007962
3300,15520023
3301,92100
3302,228984
3303,794452
3304,53086
3305,10006806
3306,10018
3307,13204291
3308,8178569
3309,14947
3310,9318
3311,34664
3312,1382462
3313,28128670
3314,30668
3315,55495563
3316,8138788
3317,111996
3318,10
3319,525
3320,12935800
3321,31000
3322,147315
3323,17218080
3324,18
3325,25035950
3326,108000000
3327,11838218
3328,6500000
3329,566736
3330,56702901
3331,794452
3332,15520023
3333,60289912
3334,639000
3335,49100000
3336,6147
3337,50656
3338,204940
3339,9188
3340,75450437
3341,1012189
3342,2295423
3343,27200316
3344,3358
3345,16775
3346,1037335
3347,343786
3348,11560806
3349,495303
3350,84785914
3351,9479718
3352,63463
3353,23937870
3354,3003
3355,126
3356,11300653
3357,18000
3358,113783
3359,208588
3360,2683519
3361,93525586
3362,2357852
3363,75143
3364,1261000
3365,3358
3366,12923936
3367,1060056
3368,14353
3369,29536299
3370,30471
3371,16519460
3372,3221568
3373,10076790
3374,500000
3375,56714147
3376,6819587
3377,741766
3378,1044824
3379,32287044
3380,21126225
3381,1524966
3382,35022
3383,641
3384,1969193
3385,28169671
3386,125
3387,2297493
3388,56702901
3389,435000000
3390,28281
3391,14000
3392,32
3393,573335
3394,93525586
3395,12342632
3396,1055287
3397,229000
3398,54744738
3399,28931401
3400,1296184
3401,179000
3402,204
3403,2275557
3404,154120
3405,19158074
3406,78382433
3407,49554002
3408,1749201
3409,117629
3410,22165608
3411,50907422
3412,432274
3413,9450897
3414,135893
3415,1007962
3416,921548
3417,18552460
3418,2275557
3419,238207122
3420,3358
3421,46488
3422,1113277
3423,215283742
3424,204
3425,209696
3426,32846
3427,1037335
3428,486937
3429,5659286
3430,209154322
3431,6700
3432,4100000
3433,12250
3434,229000
3435,77628265
3436,96889998
3437,9188
3438,566736
3439,21126225
3440,30536013
3441,28921264
3442,3
3443,350006
3444,204
3445,13555988
3446,25
3447,1055287
3448,6775121
3449,5332926
3450,16519460
3451,6775121
3452,59209
3453,29536299
3454,13273595
3455,113783
3456,26250020
3457,185898
3458,3221568
3459,350170057
3460,16757163
3461,16775
3462,204940
3463,5446000
3464,486937
3465,443684
3466,1831348
3467,3
3468,28921264
3469,1723872
3470,80551
3471,1000000
3472,340312
3473,27610873
3474,16757163
3475,49554002
3476,404
3477,318982
3478,9188
3479,183018522
3480,1954937
3481,285930
3482,30
3483,500
3484,180590
3485,28921264
3486,16991902
3487,5887457
3488,13275000
3489,4631
3490,15134293
3491,346592
3492,7306
3493,8613462
3494,200406
3495,46471023
3496,152961
3497,41597830
3498,1500000
3499,7282851
3500,104507
3501,9323833
3502,970816
3503,60641
3504,9450897
3505,229000
3506,38172500
3507,76932943
3508,62985
3509,37473
3510,1461989
3511,2154540
3512,59468275
3513,4267218
3514,46488
3515,143000
3516,373530
3517,305875730
3518,6405245
3519,1117920
3520,17011
3521,126463
3522,532269
3523,80768
3524,44350926
3525,134748021
3526,260354
3527,1117920
3528,2642983
3529,215283742
3530,10959475
3531,3878993
3532,13204291
3533,10442808
3534,639000
3535,32287044
3536,10759
3537,18626419
3538,30471
3539,10589102
3540,10442808
3541,123820
3542,4750000
3543,15
3544,970816
3545,31649
3546,300859
3547,33463969
3548,173000000
3549,819939
3550,215283742
3551,16671505
3552,19054534
3553,3221568
3554,60289912
3555,67112664
3556,11373501
3557,1044824
3558,33463969
3559,41744718
3560,337812
3561,9771658
3562,346592
3563,760883
3564,258464
3565,10000000
3566,13865435
3567,9304609
3568,3358
3569,29762011
3570,1547397
3571,23619609
3572,161626121
3573,188126
3574,970816
3575,6147
3576,12
3577,62985
3578,443684
3579,17425000
3580,45100
3581,1072602
3582,7191399
3583,1400000
3584,1631839
3585,23510601
3586,209696
3587,37473
3588,1530216
3589,7282851
3590,1803009
3591,164508066
3592,100202
3593,126463
3594,1
3595,9237470
3596,15400000
3597,188126
3598,11838218
3599,7900000
3600,62852
3601,17011
3602,532269
3603,74918
3604,14873
3605,17374595
3606,605562
3607,1969193
3608,39459427
3609,7965
3610,8434146
3611,99303
3612,1012189
3613,1519796
3614,9323833
3615,186702
3616,1296937
3617,3775000
3618,105610124
3619,1
3620,75450437
3621,163794509
3622,26250020
3623,14010690
3624,52164
3625,214000
3626,10006806
3627,1969193
3628,54744738
3629,10759
3630,17011
3631,56702901
3632,1929168
3633,17508518
3634,31815
3635,3003
3636,10006806
3637,639000
3638,100659
3639,60000000
3640,76932943
3641,1124445
3642,794452
3643,46
3644,2120439
3645,3696232
3646,13275000
3647,6700000
3648,5731103
3649,532269
3650,52604
3651,435000000
3652,2003822
3653,95000000
3654,373530
3655,3878993
3656,228984
3657,35022
3658,370668
3659,23083334
3660,10166502
3661,4600000
3662,6916869
3663,117831631
3664,20
3665,1469
3666,113783
3667,16671505
3668,8352885
3669,136203
3670,13204291
3671,194720
3672,11294
3673,67631903
3674,1020921
3675,164508066
3676,11203026
3677,10474
3678,3916303
3679,1345903
3680,143000
3681,3867000
3682,72178895
3683,7306
3684,9323833
3685,17218080
3686,111300
3687,78382433
3688,66559
3689,14836
3690,8342132
3691,5483299
3692,126
3693,55583804
3694,21126225
3695,87840042
3696,2616503
3697,6405245
3698,13204291
3699,31576
3700,25
3701,8251071
3702,8000000
3703,15134293
3704,23875127
3705,777423
3706,20117339
3707,7306
3708,1500000
3709,245623848
3710,45100
3711,258464
3712,8434146
3713,443684
3714,596000
3715,8373585
3716,566736
3717,500
3718,203781
3719,1969193
3720,494506
3721,100
3722,50907422
3723,4631
3724,1631839
3725,1519796
3726,1012189
3727,5989640
3728,1060056
3729,9318
3730,39340177
3731,114660784
3732,887029
3733,59908565
3734,164508066
3735,1151330
3736,5129058
3737,147315
3738,696681
3739,6
3740,3301446
3741,2119994
3742,87840042
3743,12250
3744,56359980
3745,2054941
3746,32287044
3747,25000
3748,1851517
3749,106498
3750,2303
3751,8927600
3752,115860
3753,25461
3754,12000000
3755,21567853
3756,1382462
3757,215283742
3758,240978
3759,240093
3760,67631903
3761,5887457
3762,121790373
3763,13130349
3764,8613462
3765,14947
3766,3485127
3767,2899975
3768,32000
3769,16136
3770,17808
3771,13204291
3772,1723872
3773,17768012
3774,113783
3775,90565421
3776,56714147
3777,1449945
3778,140987
3779,1519796
3780,22321
3781,432274
3782,23859
3783,8251071
3784,9318
3785,173000000
3786,3100000
3787,100086793
3788,238207122
3789,53447
3790,7965
3791,204940
3792,25
3793,52164
3794,1893139
3795,121790373
3796,2459895
3797,13275000
3798,19158074
3799,957240
3800,209696
3801,23083334
3802,152961
3803,113783
3804,1
3805,9392
3806,2000000
3807,102471
3808,2260622
3809,66351
3810,794452
3811,228984
3812,3
3813,34659
3814,538000
3815,23875127
3816,35431113
3817,161789
3818,29918745
3819,2450846
3820,25182929
3821,48428063
3822,23000
3823,1500000
3824,2120439
3825,1723872
3826,8574339
3827,5989640
3828,444098
3829,60
3830,24902723
3831,2
3832,32287044
3833,6808550
3834,605562
3835,3358
3836,143000
3837,22165608
3838,6341855
3839,2287714
3840,791830
3841,10474
3842,3301446
3843,5496951
3844,473993
3845,34659
3846,7205
3847,17277
3848,4187
3849,7191399
3850,12250
3851,1831348
3852,1044824
3853,17300889
3854,1110566
3855,105656
3856,4947717
3857,350170057
3858,25
3859,319285
3860,17768012
3861,46
3862,3301446
3863,20915465
3864,970816
3865,49100000
3866,1530216
3867,18662027
3868,4905000
3869,9771658
3870,87840042
3871,174822325
3872,52604
3873,187674
3874,93000
3875,11373501
3876,176153
3877,13551174
3878,11373501
3879,76932943
3880,29657751
3881,14353
3882,45250
3883,179000
3884,27642707
3885,204940
3886,12000000
3887,7600000
3888,2616503
3889,422
3890,25928721
3891,46474
3892,1524966
3893,128388320
3894,28921264
3895,12036149
3896,15556340
3897,300653
3898,12
3899,173000000
3900,173066
3901,176153
3902,7406
3903,102617
3904,1702394
3905,6700000
3906,21284514
3907,17277
3908,641
3909,10474
3910,3775000
3911,639000
3912,5001655
3913,26250020
3914,1461989
3915,117698894
3916,258464
3917,190000
3918,14000
3919,55583804
3920,15400000
3921,18000
3922,1675706
3923,17425000
3924,4073489
3925,100086793
3926,188126
3927,19165560
3928,66976317
3929,13670688
3930,163000
3931,13380561
3932,190000
3933,11130889
3934,1749201
3935,1
3936,25
3937,90565421
3938,1530216
3939,5080409
3940,14873
3941,12250
3942,72178895
3943,435000000
3944,4187
3945,24769466
3946,214000
3947,15556340
3948,253527
3949,154120
3950,316472
3951,31576
3952,13555988
3953,9450897
3954,128388320
3955,13769
3956,60965854
3957,900689
3958,444098
3959,453079
3960,100202
3961,13555988
3962,190000
3963,13865435
3964,435000000
3965,134748021
3966,29536299
3967,76932943
3968,8613462
3969,4631
3970,292279
3971,1044824
3972,23598
3973,21284514
3974,187349
3975,55583804
3976,5446000
3977,31720158
3978,93525586
3979,37598
3980,17277
3981,32788
3982,819939
3983,3400278
3984,3324330
3985,13769
3986,419651413
3987,3484331
3988,1044824
3989,4073489
3990,8459458
3991,22270
3992,37598
3993,3696232
3994,17137302
3995,129115
3996,6700000
3997,1548955
3998,28931401
3999,13769
4000,5446000
4001,3031801
4002,136159423
4003,18
4004,11838218
4005,500000
4006,8352885
4007,31815
4008,453079
4009,1461989
4010,9392
4011,292279
4012,89456761
4013,23510601
4014,1469
4015,18552460
4016,22165608
4017,3878993
4018,39340177
4019,146936910
4020,17277
4021,25480490
4022,1519796
4023,32287044
4024,1124445
4025,22270
4026,10076790
4027,50159144
4028,4600000
4029,30292
4030,1461989
4031,17218080
4032,125
4033,138000
4034,37641
4035,15395087
4036,536364
4037,1723872
4038,9221
4039,190000
4040,46474
4041,126463
4042,29657751
4043,389503
4044,89162162
4045,770706
4046,173066
4047,197687603
4048,52604
4049,1
4050,37641
4051,215283742
4052,46
4053,23859
4054,696681
4055,4627375
4056,2899975
4057,20
4058,3
4059,13308
4060,18195610
4061,11373501
4062,15400000
4063,3775000
4064,164508066
4065,18626419
4066,2003822
4067,17654912
4068,200406
4069,1954937
4070,572809
4071,4367497
4072,15000
4073,7400000
4074,100
4075,52604
4076,59209
4077,162000000
4078,46474
4079,42277365
4080,536364
4081,35022
4082,67631903
4083,443684
4084,7406
4085,23
4086,77745568
4087,23000
4088,59209
4089,2697930
4090,350006
4091,28169671
4092,17768012
4093,15400000
4094,596000
4095,32287044
4096,1382462
4097,6405245
4098,1151330
4099,1500000
4100,21567853
4101,6682098
4102,3661757
4103,36400360
4104,1644060
4105,4275
4106,4631
4107,646714
4108,432274
4109,25
4110,1548955
4111,187716
4112,60641
4113,9318
4114,86234523
4115,136203
4116,9237470
4117,14873
4118,43848069
4119,8251071
4120,8
4121,14873
4122,78382433
4123,81010
4124,13670688
4125,7282851
4126,23000
4127,7940
4128,37641
4129,35456
4130,316472
4131,7103973
4132,29918745
4133,22165608
4134,566736
4135,6500000
4136,121790373
4137,143000
4138,208588
4139,2357852
4140,282358
4141,229000
4142,2500000
4143,23619609
4144,596000
4145,2450846
4146,113783
4147,8
4148,2275557
4149,216166
4150,180590
4151,126
4152,6682098
4153,553198
4154,63463
4155,3878993
4156,2616503
4157,31649
4158,4627375
4159,6673422
4160,10166502
4161,1124445
4162,46488
4163,16671505
4164,1631839
4165,6297
4166,1644060
4167,5410749
4168,9318
4169,94633
4170,53447
4171,240978
4172,29700000
4173,185898
4174,45431
4175,639000
4176,2119994
4177,30292
4178,331957105
4179,1829917
4180,33463969
4181,6682098
4182,1449945
4183,61489265
4184,3485127
4185,3661757
4186,53447
4187,12935800
4188,777423
4189,79
4190,4275
4191,28200
4192,10474
4193,173000000
4194,7400000
4195,102617
4196,81381
4197,1548955
4198,500000
4199,45431
4200,46471023
4201,11000000
4202,17800000
4203,123820
4204,23510601
4205,126150
4206,2275557
4207,238207122
4208,173000000
4209,1400000
4210,56714147
4211,17374595
4212,173000000
4213,566736
4214,5206
4215,6297
4216,1404
4217,7965
4218,10006806
4219,12308521
4220,5669831
4221,11
4222,48752
4223,29918745
4224,6297
4225,66351
4226,3485127
4227,52604
4228,14353
4229,38502340
4230,6916869
4231,26055
4232,32
4233,18552460
4234,30658387
4235,30
4236,22321
4237,23000
4238,15556340
4239,9323833
4240,121214377
4241,27635305
4242,596000
4243,138000
4244,6808550
4245,121
4246,4631
4247,5837674
4248,2357852
4249,11203026
4250,10006806
4251,10
4252,55987321
4253,47042000
4254,3533227
4255,29536299
4256,121214377
4257,33463969
4258,15400000
4259,138730
4260,32287044
4261,5206
4262,966878
4263,31000
4264,164508066
4265,56574
4266,80768
4267,4000000
4268,1954937
4269,3775000
4270,215283742
4271,10541523
4272,7406
4273,15000
4274,8459458
4275,81381
4276,4600000
4277,2295423
4278,161410
4279,443684
4280,204
4281,204
4282,1803009
4283,1
4284,6800000
4285,13
4286,521311860
4287,6682098
4288,24902723
4289,7191399
4290,25480490
4291,104507
4292,22321
4293,2033165
4294,25928721
4295,134748021
4296,24769466
4297,2724474
4298,28200
4299,100
4300,36400360
4301,154120
4302,188126
4303,9318
4304,46
4305,2275557
4306,59209
4307,887029
4308,92100
4309,5837674
4310,2303
4311,31815
4312,875386
4313,5887457
4314,62985
4315,9323833
4316,10017322
4317,100202
4318,12036149
4319,25000
4320,1124445
4321,18552460
4322,25900
4323,31649
4324,373530
4325,1012189
4326,587615
4327,12000000
4328,1519796
4329,4542
4330,173000000
4331,6775121
4332,2106557
4333,442965
4334,41482207
4335,35294470
4336,8613462
4337,15
4338,193772504
4339,46221189
4340,60641
4341,3775000
4342,120000
4343,5080409
4344,2616503
4345,41232
4346,17508518
4347,25480490
4348,20666
4349,60000000
4350,63463
4351,75505856
4352,486937
4353,7191399
4354,12
4355,593683
4356,23598
4357,10076790
4358,1983204
4359,1862805
4360,23083334
4361,19412993
4362,819939
4363,23083334
4364,8555008
4365,125
4366,8459458
4367,12250
4368,7400000
4369,12314651
4370,26155781
4371,2616503
4372,9697739
4373,923
4374,13865435
4375,125
4376,48752
4377,102617
4378,176153
4379,29700000
4380,8009329
4381,35431113
4382,164508066
4383,103951461
4384,11300653
4385,140987
4386,5989640
4387,161789
4388,186702
4389,93820758
4390,62852
4391,31576
4392,56702901
4393,3897799
4394,17425000
4395,11650
4396,23619609
4397,1124445
4398,7103973
4399,32788
4400,3878993
4401,32846
4402,46
4403,10442808
4404,13551174
4405,9304609
4406,143597
4407,25900
4408,28281
4409,20
4410,53086
4411,777423
4412,35431113
4413,10736401
4414,135893
4415,1382462
4416,22270
4417,8574339
4418,70
4419,22540359
4420,10017322
4421,389503
4422,190000
4423,30668
4424,1
4425,572809
4426,260354
4427,187674
4428,143000
4429,340312
4430,1469
4431,1012189
4432,32287044
4433,48668907
4434,419651413
4435,209696
4436,572809
4437,1055287
4438,1469
4439,3775000
4440,9318
4441,13204291
4442,282358
4443,4542
4444,7424
4445,3721911
4446,3
4447,28931401
4448,2724474
4449,23020
4450,14567883
4451,54744738
4452,4491986
4453,7965
4454,14353
4455,37884
4456,17218080
4457,1449945
4458,204
4459,3646994
4460,8
4461,46221189
4462,10736401
4463,14000
4464,18195610
4465,40239
4466,2303
4467,1000000
4468,9188
4469,443684
4470,8434146
4471,11
4472,17218080
4473,5240
4474,228984
4475,389503
4476,13
4477,12000000
4478,1449945
4479,31576
4480,20158808
4481,150277
4482,1117920
4483,10474
4484,3462
4485,10442808
4486,1862805
4487,346592
4488,10382407
4489,1831348
4490,80551
4491,87840042
4492,3721911
4493,199436
4494,14873
4495,60641
4496,3769990
4497,161410
4498,15400000
4499,34664
4500,15134293
4501,29700000
4502,2899975
4503,76932943
4504,138730
4505,1055287
4506,16671505
4507,7306
4508,5001655
4509,22270
4510,3696232
4511,105178561
4512,4275
4513,63215872
4514,3099314
4515,128388320
4516,1938
4517,1675706
4518,76932943
4519,11373501
4520,13380561
4521,5483299
4522,61489265
4523,30471
4524,23020
4525,3983997
4526,215339
4527,2500000
4528,957240
4529,14947
4530,4491986
4531,1938
4532,2357852
4533,100659
4534,53086
4535,9450897
4536,143000
4537,744816
4538,1914166
4539,70
4540,15134293
4541,9237470
4542,25836616
4543,15134293
4544,22270
4545,14947
4546,44695
4547,120620
4548,204660
4549,5255
4550,1535558
4551,435000000
4552,41597830
4553,9237470
4554,117698894
4555,34664
4556,29657751
4557,688510
4558,593683
4559,3500605
4560,10736401
4561,2275557
4562,538000
4563,7191399
4564,13674
4565,140987
4566,1914166
4567,7191399
4568,1347747
4569,12
4570,46488
4571,566736
4572,970816
4573,13204291
4574,268431
4575,152961
4576,3193102
4577,4187
4578,10006806
4579,1723872
4580,17768012
4581,23000
4582,23619609
4583,78382433
4584,45100
4585,56702901
4586,23598
4587,200406
4588,183018522
4589,1300000
4590,880674609
4591,29536299
4592,1469
4593,31576
4594,3769990
4595,54744738
4596,128388320
4597,7282851
4598,56702901
4599,52604
4600,28200
4601,51680201
4602,13275000
4603,40239
4604,1631839
4605,59908565
4606,47267001
4607,3916303
4608,190000
4609,46495
4610,67631903
4611,3775000
4612,4073489
4613,11300653
4614,7900000
4615,3003
4616,30
4617,25480490
4618,135893
4619,4905000
4620,3
4621,46221189
4622,45100
4623,1163967
4624,1
4625,5206
4626,7600000
4627,2616503
4628,1519796
4629,135893
4630,639000
4631,1646788
4632,615816
4633,119919
4634,25
4635,7965
4636,16519460
4637,94633
4638,3775000
4639,404785
4640,18564088
4641,1044824
4642,2357852
4643,158468292
4644,46474
4645,1
4646,880674609
4647,1469
4648,35022
4649,17300889
4650,21567853
4651,5887457
4652,10166502
4653,25000
4654,15134293
4655,16671505
4656,3003
4657,7900000
4658,4000000
4659,81010
4660,645135
4661,4905000
4662,14947
4663,17808
4664,45431
4665,18599102
4666,13204291
4667,25182929
4668,11
4669,1723872
4670,7070330
4671,173066
4672,10
4673,14000
4674,14873
4675,426224
4676,28281
4677,30292
4678,53086
4679,80551
4680,121
4681,5080409
4682,125
4683,70
4684,3
4685,21284514
4686,453079
4687,7282851
4688,33463969
4689,30668
4690,32
4691,46
4692,300859
4693,23859
4694,8034
4695,875386
4696,56574
4697,9450897
4698,35022
4699,9216
4700,33463969
4701,93820758
4702,1440000
4703,23859
4704,100659
4705,43848069
4706,26250020
4707,12
4708,2899975
4709,1
4710,128388320
4711,1862805
4712,3
4713,72178895
4714,3721911
4715,473993
4716,147315
4717,186702
4718,1000000
4719,9323833
4720,1723872
4721,136203
4722,16519460
4723,376597
4724,56702901
4725,3099314
4726,7205
4727,58510
4728,7242035
4729,25035950
4730,25
4731,1461989
4732,130482868
4733,37598
4734,121790373
4735,14010832
4736,154120
4737,8434146
4738,79
4739,15395087
4740,284139100
4741,37884
4742,25035950
4743,4542
4744,35456
4745,10166502
4746,36400360
4747,3003
4748,25480490
4749,12
4750,32846
4751,265452
4752,1117920
4753,744816
4754,435000000
4755,32
4756,17185632
4757,161626121
4758,9323833
4759,173000000
4760,13
4761,426224
4762,125
4763,135893
4764,128388320
4765,5129058
4766,90565421
4767,8613462
4768,25480490
4769,6405245
4770,35431113
4771,12434778
4772,5206
4773,4627375
4774,102471
4775,187349
4776,532269
4777,121790373
4778,35294470
4779,4187
4780,95000000
4781,25
4782,49100000
4783,1044824
4784,1983204
4785,593683
4786,55583804
4787,19478106
4788,30658387
4789,14873
4790,5837674
4791,2724474
4792,138730
4793,9304609
4794,192816
4795,45100
4796,13308
4797,880674609
4798,11000000
4799,2724474
4800,754249
4801,187716
4802,19158074
4803,62852
4804,1055287
4805,28200
4806,9318
4807,80551
4808,194720
4809,28169671
4810,500
4811,14947
4812,28931401
4813,50907422
4814,18000
4815,143000
4816,770706
4817,209696
4818,10541523
4819,187716
4820,2154540
4821,204
4822,100202
4823,1473809
4824,32056467
4825,100659
4826,1723872
4827,2106557
4828,6682098
4829,4001121
4830,2450846
4831,3696232
4832,23000
4833,240093
4834,1600000
4835,74918
4836,190000
4837,90565421
4838,875386
4839,1
4840,331957105
4841,99303
4842,25035950
4843,56702901
4844,7306
4845,1044824
4846,337812
4847,10166502
4848,5080409
4849,10166502
4850,1296937
4851,4542
4852,173066
4853,7191399
4854,1124445
4855,26155781
4856,102617
4857,3696232
4858,21126225
4859,1124445
4860,435000000
4861,17218080
4862,41597830
4863,25928721
4864,5410749
4865,382174
4866,1524966
4867,75450437
4868,9318
4869,3358
4870,660537
4871,1020921
4872,52164
4873,3775000
4874,28921264
4875,4367497
4876,3566637
4877,12000000
4878,1803009
4879,17425000
4880,2042530
4881,7205
4882,1675706
4883,11000000
4884,66976317
4885,373530
4886,46
4887,7965
4888,5240
4889,180590
4890,495303
4891,181107
4892,18
4893,970816
4894,744816
4895,1055287
4896,1500000
4897,136203
4898,31720158
4899,23875127
4900,102000000
4901,21284514
4902,23859
4903,1
4904,77628265
4905,82703
4906,25000
4907,880674609
4908,13620075
4909,28128670
4910,8373585
4911,1548955
4912,495303
4913,1954937
4914,15134293
4915,35294470
4916,23598
4917,8303261
4918,31720158
4919,18564088
4920,13551174
4921,28169671
4922,587615
4923,190000
4924,19478106
4925,134748021
4926,1469
4927,1862805
4928,5206
4929,2724474
4930,794452
4931,3696232
4932,525
4933,28128670
4934,80551
4935,331957105
4936,53447
4937,49501
4938,1133031
4939,241
4940,939101
4941,3484331
4942,10
4943,20158808
4944,27610873
4945,62985
4946,45431
4947,62852
4948,62985
4949,7242035
4950,18755936
4951,8434146
4952,9697739
4953,29907685
4954,970816
4955,11294
4956,1117920
4957,13551174
4958,1530216
4959,46495
4960,2120439
4961,17218080
4962,28281
4963,13130349
4964,32846
4965,30292
4966,1044824
4967,21126225
4968,13670688
4969,48752
4970,94633
4971,17300889
4972,13275000
4973,10474
4974,25928721
4975,161410
4976,966878
4977,18195610
4978,16136
4979,11176469
4980,13204291
4981,70918
4982,7400000
4983,1
4984,6101904
4985,142337240
4986,56825
4987,215339
4988,32788
4989,10442808
4990,44695
4991,14000000
4992,108539911
4993,7865
4994,9323833
4995,404
4996,66351
4997,4634062
4998,3775000
4999,9771658
5000,113493481
5001,146936910
5002,75450437
5003,46488
5004,19158074
5005,1461989
5006,173000000
5007,10006806
5008,331957105
5009,5483299
5010,2459895
5011,14000
5012,18662027
5013,32846
5014,16757163
5015,1124445
5016,28169671
5017,13865435
5018,3775000
5019,25480490
5020,2724474
5021,126
5022,13865435
5023,1300000
5024,6614280
5025,7
5026,14567883
5027,8251071
5028,6700000
5029,35431113
5030,5206
5031,2970
5032,7103973
5033,2120439
5034,3696232
5035,10068
5036,572809
5037,5887457
5038,76932943
5039,62985
5040,2054941
5041,143000
5042,190000
5043,18432000
5044,7103973
5045,45100
5046,553198
5047,444098
5048,202000
5049,9323833
5050,23859
5051,128388320
5052,67631903
5053,8434146
5054,9448082
5055,3301446
5056,62985
5057,23598
5058,1500000
5059,4600000
5060,16671505
5061,1969193
5062,16136
5063,4275
5064,18552460
5065,2899975
5066,2459895
5067,970816
5068,4000000
5069,28921264
5070,1124445
5071,18626419
5072,39340177
5073,138730
5074,48298
5075,14000
5076,10006806
5077,14010690
5078,3
5079,3661757
5080,9323833
5081,6808550
5082,204940
5083,18
5084,871279
5085,30
5086,2411594
5087,3358
5088,17277
5089,1300000
5090,204940
5091,4491986
5092,12036149
5093,23619609
5094,1969193
5095,33463969
5096,3878993
5097,20
5098,3
5099,282358
5100,900689
5101,20
5102,1
5103,120620
5104,791830
5105,15309302
5106,229000
5107,204660
5108,3696232
5109,80551
5110,70918
5111,9323833
5112,1461989
5113,92100
5114,282358
5115,46474
5116,1547397
5117,32287044
5118,22044277
5119,100
5120,25000
5121,25480490
5122,17768012
5123,1117920
5124,123509
5125,46495
5126,558000
5127,3646994
5128,486937
5129,639000
5130,2154540
5131,46
5132,8613462
5133,75505856
5134,13395939
5135,67631903
5136,1524966
5137,26250020
5138,12
5139,10166502
5140,11373501
5141,6916869
5142,68514844
5143,8247943
5144,11000000
5145,639000
5146,49501
5147,598645
5148,46
5149,106498
5150,174822325
5151,128388320
5152,17300889
5153,1829917
5154,31327899
5155,33245
5156,117831631
5157,572809
5158,136203
5159,54674226
5160,74918
5161,60641
5162,12303411
5163,14010690
5164,111300
5165,1969193
5166,114660784
5167,2120439
5168,455815
5169,22321
5170,14904
5171,137298489
5172,8000000
5173,9450897
5174,66976317
5175,1893139
5176,3003
5177,11373501
5178,350170057
5179,37598
5180,2899975
5181,99303
5182,791830
5183,7306
5184,48298
5185,9188
5186,1723872
5187,179000
5188,121
5189,30471
5190,49554002
5191,1803009
5192,46221189
5193,7266209
5194,17425000
5195,90565421
5196,3533227
5197,760883
5198,15556340
5199,6147
5200,13308
5201,1440000
5202,192816
5203,444098
5204,14836
5205,23000
5206,292279
5207,11294
5208,23859
5209,25035950
5210,8434146
5211,2357852
5212,3301446
5213,5887457
5214,60
5215,53447
5216,30471
5217,1
5218,1954937
5219,572809
5220,27200316
5221,1110566
5222,340911
5223,100659
5224,2
5225,15
5226,1749201
5227,524668
5228,12000000
5229,14010690
5230,17277
5231,13674
5232,105656
5233,18
5234,36400360
5235,6682098
5236,52099090
5237,161025640
5238,173066
5239,59209
5240,8373585
5241,48065672
5242,30658387
5243,639000
5244,29918745
5245,228984
5246,17808
5247,1969193
5248,2340
5249,8613462
5250,72178895
5251,25461
5252,60
5253,5483299
5254,7
5255,47042000
5256,13275000
5257,111996
5258,53447
5259,9450897
5260,248392
5261,413454
5262,9216
5263,5483299
5264,2260622
5265,1053788
5266,292279
5267,229000
5268,3100000
5269,25035950
5270,5887457
5271,3301446
5272,6614280
5273,15
5274,791830
5275,1829917
5276,70918
5277,6000000
5278,1151330
5279,1675706
5280,1110566
5281,1500000
5282,285930
5283,81010
5284,157768
5285,6673422
5286,1296937
5287,104507
5288,79
5289,2000000
5290,55987321
5291,331957105
5292,12000000
5293,59908565
5294,37598
5295,331957105
5296,240093
5297,28931401
5298,9323833
5299,113783
5300,34664
5301,426224
5302,61489265
5303,66559
5304,46
5305,3358
5306,29536299
5307,54744738
5308,23859
5309,176153
5310,77745568
5311,3100000
5312,108000000
5313,167977596
5314,21126225
5315,241
5316,5080409
5317,7865
5318,9188
5319,819939
5320,3400278
5321,18564088
5322,500
5323,75505856
5324,60641
5325,3003
5326,9304609
5327,9323833
5328,1020921
5329,1449945
5330,67631903
5331,7205
5332,887029
5333,15134293
5334,15400000
5335,1938
5336,7500000
5337,370668
5338,14000000
5339,13865435
5340,539896
5341,66976317
5342,54744738
5343,209696
5344,41482207
5345,140987
5346,23875127
5347,81010
5348,7500000
5349,63463
5350,25
5351,9323833
5352,7306
5353,46495
5354,5887457
5355,29700000
5356,1296937
5357,311
5358,3775000
5359,770706
5360,7266209
5361,190000
5362,645135
5363,5602431
5364,34659
5365,60740827
5366,17218080
5367,23510601
5368,1675706
5369,121790373
5370,9448082
5371,12355798
5372,209154322
5373,3646994
5374,55583804
5375,28128670
5376,56702901
5377,2297493
5378,105656
5379,3301446
5380,5837674
5381,1345903
5382,50907422
5383,23859
5384,10166502
5385,77745568
5386,32846
5387,14000
5388,10166502
5389,53447
5390,30
5391,66351
5392,202000
5393,24134
5394,32056467
5395,373530
5396,20117339
5397,2970
5398,1675706
5399,500
5400,157768
5401,8009329
5402,2054941
5403,52604
5404,100202
5405,23875127
5406,3
5407,238207122
5408,305875730
5409,56714147
5410,136203
5411,432274
5412,10082
5413,126150
5414,12303411
5415,105610124
5416,1151330
5417,23937870
5418,66559
5419,15
5420,24769466
5421,2450846
5422,16671505
5423,59908565
5424,114660784
5425,11300653
5426,777423
5427,44695
5428,150277
5429,11000000
5430,29762011
5431,6775121
5432,5496951
5433,760883
5434,36400360
5435,200406
5436,3878993
5437,11341016
5438,150277
5439,7306
5440,23083334
5441,111300
5442,113493481
5443,35431113
5444,36400360
5445,36400360
5446,34808403
5447,11176469
5448,3696232
5449,60965854
5450,190000
5451,5206
5452,258464
5453,7103973
5454,16671505
5455,46495
5456,12
5457,791830
5458,194720
5459,28281
5460,500000
5461,500
5462,176153
5463,350170057
5464,249905
5465,12314651
5466,2636637
5467,5887457
5468,67112664
5469,1
5470,128388320
5471,7191399
5472,9771658
5473,120000
5474,40996665
5475,10959475
5476,12
5477,113783
5478,2120439
5479,17300889
5480,12232628
5481,7865
5482,1461989
5483,1000000
5484,56714147
5485,9318
5486,80768
5487,77628265
5488,21126225
5489,10959475
5490,94633
5491,7659918
5492,46
5493,9304609
5494,500
5495,432274
5496,30471
5497,11130889
5498,180590
5499,51070807
5500,123820
5501,316472
5502,653951
5503,5684789
5504,4267218
5505,147315
5506,16991902
5507,7070330
5508,31720158
5509,31720158
5510,11176469
5511,12250
5512,9323833
5513,176153
5514,15400000
5515,117629
5516,80551
5517,128388320
5518,46
5519,90565421
5520,3358
5521,3769990
5522,20
5523,117831631
5524,142337240
5525,59209
5526,1749457
5527,229000
5528,9771658
5529,37884
5530,238207122
5531,126463
5532,154120
5533,29907685
5534,215283742
5535,48298
5536,37884
5537,819939
5538,7600000
5539,146936910
5540,443684
5541,32287044
5542,337812
5543,502758
5544,7070330
5545,268431
5546,10000000
5547,53447
5548,1530216
5549,15556340
5550,8251071
5551,3301446
5552,25480490
5553,11000000
5554,923
5555,12036149
5556,6147
5557,9318
5558,117831631
5559,536364
5560,7205
5561,10759
5562,14010832
5563,126
5564,23859
5565,52604
5566,3696232
5567,81381
5568,161789
5569,5496951
5570,8138788
5571,9323833
5572,15
5573,78382433
5574,154120
5575,14010690
5576,48418160
5577,129115
5578,286201
5579,13380561
5580,596000
5581,10089373
5582,1151330
5583,3533227
5584,186702
5585,15400000
5586,30
5587,21000000
5588,77745568
5589,35431113
5590,37598
5591,1053788
5592,18
5593,1020921
5594,143000
5595,5206
5596,7103973
5597,7
5598,2297493
5599,2841000
5600,93000
5601,6682098
5602,11203026
5603,35456
5604,4600000
5605,113493481
5606,75450437
5607,17425000
5608,46221189
5609,199436
5610,6405245
5611,15556340
5612,435000000
5613,760883
5614,1631839
5615,2054941
5616,1117920
5617,128388320
5618,5602431
5619,21567853
5620,150277
5621,2054941
5622,152761
5623,970816
5624,435000000
5625,70
5626,300653
5627,21126225
5628,129115
5629,193772504
5630,373530
5631,495303
5632,5887457
5633,60641
5634,30
5635,39340177
5636,370668
5637,53447
5638,12303411
5639,228984
5640,8
5641,36160375
5642,2697930
5643,53447
5644,331957105
5645,58662452
5646,28281
5647,5483299
5648,11203026
5649,1938
5650,31720158
5651,129115
5652,1702394
5653,6614280
5654,19478106
5655,12000000
5656,331957105
5657,44695
5658,10000000
5659,46488
5660,38502340
5661,719968
5662,117698894
5663,5129058
5664,794452
5665,19478106
5666,13670688
5667,4000000
5668,494506
5669,26144
5670,173000000
5671,11130889
5672,30
5673,25836616
5674,6700000
5675,3
5676,696681
5677,8009329
5678,56714147
5679,337812
5680,123820
5681,419651413
5682,192816
5683,146936910
5684,26155781
5685,45100
5686,4267218
5687,16519460
5688,419953
5689,3400278
5690,113783
5691,5887457
5692,173000000
5693,1238080
5694,18552460
5695,24134
5696,8613462
5697,97
5698,143000
5699,486937
5700,25480490
5701,923
5702,875386
5703,61489265
5704,260354
5705,1675706
5706,80551
5707,791830
5708,486937
5709,4627375
5710,500000
5711,63463
5712,29762011
5713,216166
5714,194720
5715,31000
5716,1469
5717,4627375
5718,1500000
5719,17425000
5720,23
5721,87840042
5722,106498
5723,2154540
5724,28200
5725,126
5726,28128670
5727,93820758
5728,1473809
5729,100086793
5730,14873
5731,2303
5732,7965
5733,136203
5734,9697739
5735,2003822
5736,21567853
5737,11203026
5738,25182929
5739,194720
5740,47748
5741,5989640
5742,30551495
5743,875386
5744,25000
5745,453079
5746,12314651
5747,100
5748,7266209
5749,43848069
5750,14010832
5751,23619609
5752,5001655
5753,238207122
5754,8434146
5755,78309131
5756,1675706
5757,8303261
5758,63463
5759,316472
5760,4631
5761,7940
5762,121214377
5763,7191399
5764,62985
5765,8138788
5766,8613462
5767,59209
5768,3400278
5769,95000000
5770,3696232
5771,66351
5772,4750000
5773,276572938
5774,11203026
5775,18564088
5776,32846
5777,32287044
5778,60209334
5779,49554002
5780,337812
5781,46471023
5782,296557
5783,6700000
5784,15
5785,5410749
5786,2042530
5787,67631903
5788,106498
5789,6682098
5790,56714147
5791,15134293
5792,136203
5793,4367497
5794,27200316
5795,28931401
5796,23598
5797,1831348
5798,2945242
5799,146936910
5800,639000
5801,453079
5802,25
5803,500
5804,128388320
5805,56574
5806,13769
5807,32056467
5808,13204291
5809,20080020
5810,60
5811,188126
5812,41597830
5813,82087155
5814,525
5815,30
5816,34664
5817,11294
5818,300859
5819,12000000
5820,1117920
5821,25000
5822,13
5823,10589102
5824,8613462
5825,7865
5826,1296184
5827,7205
5828,117831631
5829,26250020
5830,13275000
5831,5837674
5832,593683
5833,8434146
5834,1053788
5835,13
5836,29918745
5837,32056467
5838,31815
5839,11373501
5840,2
5841,6614280
5842,36400360
5843,194720
5844,1829917
5845,25
5846,215339
5847,55495563
5848,18195610
5849,3358
5850,754249
5851,25900
5852,28281
5853,10126458
5854,2697930
5855,18626419
5856,4491986
5857,331957105
5858,2945242
5859,8009329
5860,7191399
5861,9188
5862,1919197
5863,25928721
5864,238207122
5865,6147
5866,1631839
5867,11650
5868,12
5869,1268395
5870,10474
5871,23510601
5872,32287044
5873,11650
5874,536364
5875,15556340
5876,5837674
5877,10018
5878,9450897
5879,52604
5880,55583804
5881,39340177
5882,72178895
5883,223003
5884,2500000
5885,8251
5886,46
5887,62985
5888,3661757
5889,16905
5890,13275000
5891,9448082
5892,143000
5893,1723872
5894,78309131
5895,10759
5896,18626419
5897,100
5898,1831348
5899,23859
5900,30668
5901,4542
5902,1296937
5903,12434778
5904,63215872
5905,17800000
5906,28128670
5907,9188
5908,21567853
5909,1675706
5910,422
5911,113783
5912,128388320
5913,30536013
5914,102617
5915,3301446
5916,29657751
5917,146936910
5918,28128670
5919,25836616
5920,10
5921,29657751
5922,1954937
5923,9012000
5924,23000
5925,215283742
5926,138730
5927,389503
5928,6808550
5929,404
5930,25836616
5931,11341016
5932,258464
5933,10759
5934,161789
5935,62172050
5936,105610124
5937,22270
5938,53447
5939,75143
5940,42277365
5941,117629
5942,50159144
5943,23598
5944,6775121
5945,17808
5946,35022
5947,20
5948,240978
5949,111996
5950,22678555
5951,10589102
5952,2841000
5953,49100000
5954,143000
5955,5410749
5956,5446000
5957,1020921
5958,18626419
5959,3900000
5960,1
5961,53447
5962,1449945
5963,27793200
5964,36160375
5965,6916869
5966,7993039
5967,142337240
5968,18662027
5969,970816
5970,10759
5971,1500000
5972,71368
5973,21126225
5974,404
5975,2697930
5976,645135
5977,35022
5978,174822325
5979,26144
5980,100086793
5981,26144
5982,67631903
5983,37285
5984,6819587
5985,25035950
5986,119919
5987,3696232
5988,28744356
5989,99000
5990,77920346
5991,641
5992,10126458
5993,7227038
5994,966878
5995,3696232
5996,3878993
5997,2128186
5998,25928721
5999,34659
6000,3003
6001,25461
6002,1400000
6003,258022233
6004,3775000
6005,52164
6006,14873
6007,194720
6008,229000
6009,63781810
6010,2106557
6011,17185632
6012,3665069
6013,164508066
6014,1296937
6015,100
6016,432274
6017,35456
6018,2450846
6019,3358
6020,10
6021,7282851
6022,2616503
6023,422
6024,13308
6025,1473809
6026,118063304
6027,3099314
6028,33463969
6029,10
6030,167977596
6031,13204291
6032,18
6033,2450846
6034,337812
6035,435000000
6036,4600000
6037,138730
6038,4275
6039,7205
6040,413454
6041,142337240
6042,60
6043,19412993
6044,241
6045,59209
6046,249905
6047,45100
6048,2357852
6049,3661757
6050,11000
6051,111300
6052,11087569
6053,25000
6054,100
6055,152961
6056,6405245
6057,70
6058,40239
6059,67112664
6060,8613462
6061,55583804
6062,532269
6063,78309131
6064,106498
6065,3221568
6066,10589102
6067,13275000
6068,500000
6069,78000586
6070,95000000
6071,157768
6072,532269
6073,4000000
6074,179000
6075,32
6076,12000000
6077,3351735
6078,12173470
6079,238207122
6080,15
6081,500000
6082,26144
6083,75505856
6084,46
6085,4750000
6086,1500000
6087,18000000
6088,13769
6089,229000
6090,76932943
6091,10
6092,4800080
6093,7282851
6094,31720158
6095,29536299
6096,209696
6097,13865435
6098,777423
6099,12000000
6100,32056467
6101,136159423
6102,9771658
6103,19165560
6104,30292
6105,119563
6106,52164
6107,202000
6108,13130349
6109,260354
6110,5410749
6111,10474
6112,11
6113,3696232
6114,50159144
6115,56702901
6116,20
6117,228984
6118,30536013
6119,17218080
6120,8434146
6121,566736
6122,14010690
6123,500000
6124,453079
6125,26144
6126,2357852
6127,455815
6128,164508066
6129,1301696
6130,37884
6131,760883
6132,14353
6133,60641
6134,11000000
6135,12000000
6136,238207122
6137,19478106
6138,641
6139,880674609
6140,1519796
6141,66351
6142,34664
6143,773228
6144,5240
6145,2724474
6146,66351
6147,19478106
6148,4627375
6149,38502340
6150,215283742
6151,1548955
6152,419651413
6153,120620
6154,140987
6155,9450897
6156,187716
6157,123820
6158,9450897
6159,7282851
6160,123820
6161,970816
6162,45431
6163,241
6164,1519796
6165,443684
6166,10442808
6167,52604
6168,5206
6169,36400360
6170,370668
6171,17096053
6172,22321
6173,58510
6174,11000000
6175,11715321
6176,596000
6177,27610873
6178,7
6179,32287044
6180,4634062
6181,223003
6182,10166502
6183,292279
6184,174822325
6185,346592
6186,1124445
6187,253527
6188,12
6189,1723872
6190,8009329
6191,100345
6192,8009329
6193,1530216
6194,48298
6195,11
6196,186702
6197,48298
6198,9450897
6199,238207122
6200,10082
6201,3358
6202,13395939
6203,76932943
6204,226286
6205,10474
6206,791830
6207,1749201
6208,4073489
6209,70
6210,14873
6211,41597830
6212,2003822
6213,5410749
6214,8022000
6215,3400278
6216,6819587
6217,9188
6218,10018
6219,6819587
6220,100
6221,1524966
6222,106498
6223,32056467
6224,7070330
6225,14110589
6226,161410
6227,957240
6228,2616503
6229,70
6230,25
6231,9450897
6232,53086
6233,136159423
6234,31327899
6235,12000000
6236,13275000
6237,229000
6238,200406
6239,7266209
6240,3324330
6241,680224
6242,7
6243,4600000
6244,11203026
6245,2357852
6246,14904
6247,435000000
6248,23598
6249,300859
6250,18552460
6251,28169671
6252,2642983
6253,13380561
6254,96105964
6255,46474
6256,204940
6257,25928721
6258,1469
6259,25
6260,939101
6261,35431113
6262,204940
6263,33245
6264,500000
6265,154120
6266,1055287
6267,50159144
6268,268431
6269,95000000
6270,13395939
6271,67631903
6272,389503
6273,1345903
6274,93820758
6275,59209
6276,1631839
6277,75143
6278,26055
6279,1151330
6280,1723872
6281,9318
6282,183018522
6283,15400000
6284,17218080
6285,1831348
6286,121
6287,1631839
6288,7103973
6289,93525586
6290,500
6291,2054941
6292,7103973
6293,1060056
6294,9318
6295,128388320
6296,120620
6297,1037335
6298,1200627
6299,126
6300,12000000
6301,59209
6302,6297
6303,3
6304,1749457
6305,56702901
6306,1400000
6307,187716
6308,192816
6309,22321
6310,970816
6311,500
6312,204
6313,5684789
6314,208588
6315,741766
6316,6775121
6317,67631903
6318,8613462
6319,1831348
6320,22321
6321,14828081
6322,60641
6323,46
6324,44695
6325,1345903
6326,31576
6327,3485127
6328,791830
6329,10000000
6330,9318
6331,9323833
6332,249905
6333,1749457
6334,100202
6335,11000000
6336,13275000
6337,25480490
6338,185898
6339,1053788
6340,30
6341,25000
6342,15309302
6343,1831348
6344,24902723
6345,7965
6346,93525586
6347,19165560
6348,228984
6349,6682098
6350,2340
6351,161025640
6352,19165560
6353,8251
6354,25000
6355,10068
6356,1296937
6357,340312
6358,23859
6359,152961
6360,147315
6361,90565421
6362,645186
6363,1524966
6364,923
6365,56702901
6366,154120
6367,1938
6368,59209
6369,45100
6370,14828081
6371,136203
6372,21284514
6373,46474
6374,117629
6375,14828081
6376,2357852
6377,173066
6378,4800080
6379,10166502
6380,2899975
6381,62172050
6382,15556340
6383,22165608
6384,60965854
6385,15309302
6386,76932943
6387,426224
6388,23020
6389,37884
6390,7070330
6391,102471
6392,5684789
6393,32287044
6394,10166502
6395,35456
6396,176153
6397,126150
6398,32846
6399,4631
6400,760883
6401,25
6402,25461
6403,25000
6404,2275557
6405,3
6406,253527
6407,3400278
6408,16974459
6409,28128670
6410,5483299
6411,3358
6412,444098
6413,13130349
6414,77628265
6415,2945242
6416,486937
6417,75450437
6418,50451307
6419,3878993
6420,318982
6421,17654912
6422,105656
6423,21833
6424,29536299
6425,443684
6426,426224
6427,536364
6428,500000
6429,10442808
6430,15395087
6431,18662027
6432,75450437
6433,46488
6434,3400278
6435,6101904
6436,25480490
6437,17808
6438,17654912
6439,8303261
6440,23510601
6441,7282851
6442,143000
6443,921548
6444,80551
6445,258022233
6446,10166502
6447,70918
6448,641
6449,5206
6450,3721911
6451,45431
6452,22044277
6453,9771658
6454,18564088
6455,8178569
6456,62985
6457,18626419
6458,7940
6459,80768
6460,35431113
6461,49100000
6462,84785914
6463,268431
6464,126150
6465,6585516
6466,5483299
6467,150277
6468,22321
6469,26055
6470,25000
6471,486937
6472,9012000
6473,3400278
6474,7940
6475,192816
6476,121790373
6477,30536013
6478,75143
6479,121790373
6480,6673422
6481,3484331
6482,3867000
6483,3
6484,52099090
6485,26155781
6486,25
6487,87840042
6488,31327899
6489,7406
6490,202000
6491,3305592
6492,6800000
6493,3775000
6494,33463969
6495,45431
6496,238207122
6497,10166502
6498,5410749
6499,553198
6500,31815
6501,1347747
6502,77745568
6503,4073489
6504,500000
6505,9237470
6506,1
6507,1723872
6508,28921264
6509,215339
6510,6000000
6511,819939
6512,286201
6513,10000000
6514,17277
6515,90565421
6516,754249
6517,30668
6518,53447
6519,13620075
6520,181107
6521,76932943
6522,13551174
6523,443684
6524,22165608
6525,161789
6526,167977596
6527,404785
6528,1044824
6529,55240
6530,73648228
6531,152961
6532,23598
6533,106498
6534,435000000
6535,2357852
6536,4073489
6537,6808550
6538,48418160
6539,46216641
6540,12303411
6541,16671505
6542,2450846
6543,596000
6544,123820
6545,15400000
6546,183018522
6547,1012189
6548,3533227
6549,28128670
6550,1461989
6551,28931401
6552,2438031
6553,1
6554,6819587
6555,1519796
6556,23510601
6557,32846
6558,27635305
6559,11000000
6560,117698894
6561,25
6562,60965854
6563,500000
6564,1500000
6565,3485127
6566,18564088
6567,7171
6568,47748
6569,23859
6570,19478106
6571,3400278
6572,48752
6573,52604
6574,10006806
6575,3661757
6576,161789
6577,9318
6578,6808550
6579,24134
6580,176153
6581,5887457
6582,1
6583,14353
6584,1012189
6585,6916869
6586,10126458
6587,1124445
6588,106498
6589,29657751
6590,33463969
6591,1305195
6592,32287044
6593,49100000
6594,7563728
6595,97
6596,27642707
6597,1469
6598,12250
6599,2019009
6600,32846
6601,422
6602,117831631
6603,6916869
6604,1461989
6605,17218080
6606,31576
6607,48190704
6608,4542
6609,100
6610,102617
6611,105097
6612,54744738
6613,8555008
6614,128388320
6615,15
6616,13395939
6617,18195610
6618,17425000
6619,74918
6620,9318
6621,1072602
6622,41482207
6623,90565421
6624,14567883
6625,7400000
6626,1289998
6627,5483299
6628,404
6629,2899975
6630,24134
6631,30668
6632,258464
6633,6
6634,2042530
6635,7965
6636,105178561
6637,2106557
6638,1
6639,3721911
6640,7900000
6641,102000000
6642,32287044
6643,50656
6644,1469
6645,21567853
6646,7993039
6647,1469
6648,20080020
6649,35022
6650,11650
6651,1037335
6652,4800080
6653,875386
6654,18662027
6655,2275557
6656,1055287
6657,27610873
6658,220151
6659,10018
6660,1469
6661,79
6662,1305195
6663,305875730
6664,220151
6665,31815
6666,1954937
6667,26250020
6668,566736
6669,1296937
6670,7965
6671,186702
6672,15309302
6673,36160375
6674,32287044
6675,19165560
6676,62985
6677,7940
6678,13308
6679,128388320
6680,2500000
6681,305875730
6682,1440000
6683,260354
6684,180590
6685,900689
6686,1133031
6687,28128670
6688,13670688
6689,2450846
6690,90565421
6691,204
6692,284139100
6693,8434146
6694,23083334
6695,1305195
6696,16671505
6697,187716
6698,15400000
6699,128388320
6700,59908565
6701,13204291
6702,13551174
6703,453079
6704,49501
6705,6405245
6706,18564088
6707,4491986
6708,486937
6709,37884
6710,26250020
6711,1440000
6712,28931401
6713,286201
6714,187349
6715,49501
6716,791830
6717,49554002
6718,229000
6719,1749457
6720,176153
6721,9450897
6722,744816
6723,25928721
6724,100
6725,204
6726,9771658
6727,1473809
6728,2683519
6729,143000
6730,2275557
6731,4600000
6732,7205
6733,260354
6734,14873
6735,9323833
6736,49501
6737,136203
6738,2260622
6739,37473
6740,4542
6741,249905
6742,9448082
6743,1749201
6744,1723872
6745,22270
6746,21126225
6747,2120439
6748,404785
6749,1
6750,447784
6751,1500000
6752,16991902
6753,1044824
6754,18552460
6755,6297
6756,67631903
6757,8135031
6758,1530216
6759,28931401
6760,17374595
6761,502758
6762,25000
6763,14873
6764,176153
6765,48668907
6766,25000
6767,11130889
6768,1060056
6769,532269
6770,2899975
6771,8251
6772,56574
6773,1524966
6774,90565421
6775,238207122
6776,1213880
6777,2450846
6778,49100000
6779,8022000
6780,13204291
6781,300859
6782,42277365
6783,3878993
6784,20
6785,1749201
6786,2616503
6787,13769
6788,100202
6789,7940
6790,3301446
6791,1831348
6792,76932943
6793,18552460
6794,7171
6795,1469
6796,435000000
6797,1289998
6798,16757163
6799,10
6800,56702901
6801,28921264
6802,373530
6803,67631903
6804,48752
6805,3696232
6806,1530216
6807,1749201
6808,79
6809,3646994
6810,7865
6811,14054361
6812,56574
6813,16671505
6814,1055287
6815,204660
6816,111996
6817,99303
6818,60
6819,186702
6820,8247943
6821,3775000
6822,40239
6823,30
6824,114660784
6825,3566637
6826,2438031
6827,3351735
6828,48752
6829,473993
6830,21833
6831,18755936
6832,66351
6833,3400278
6834,1055287
6835,9323833
6836,53447
6837,19412993
6838,1829917
6839,46474
6840,186702
6841,560069
6842,7282851
6843,486937
6844,10541523
6845,4000000
6846,32056467
6847,404785
6848,10759
6849,5129058
6850,15395087
6851,8574339
6852,6297
6853,1723872
6854,4073489
6855,13551174
6856,1
6857,4100000
6858,18
6859,36400360
6860,204940
6861,13273595
6862,875386
6863,146936910
6864,13308
6865,5483299
6866,77745568
6867,1000000
6868,880674609
6869,593683
6870,31815
6871,3533227
6872,135893
6873,2899975
6874,161789
6875,102471
6876,1037335
6877,2119994
6878,126
6879,204660
6880,31000
6881,389503
6882,14010690
6883,8247943
6884,2724474
6885,31000
6886,185898
6887,13275000
6888,5887457
6889,5001655
6890,1723872
6891,6673422
6892,1060056
6893,59468275
6894,17374595
6895,35456
6896,37884
6897,20
6898,1461989
6899,573335
6900,17508518
6901,29657751
6902,1938
6903,13130349
6904,5887457
6905,1831348
6906,7103973
6907,502758
6908,9318
6909,7965
6910,12250
6911,532269
6912,143000
6913,459359555
6914,86234523
6915,553198
6916,3400278
6917,350170057
6918,15134293
6919,25
6920,56681566
6921,49554002
6922,282358
6923,23020
6924,126
6925,426224
6926,240093
6927,40000
6928,12
6929,10736401
6930,60289912
6931,3400278
6932,3661757
6933,49501
6934,66976317
6935,16136
6936,40239
6937,54744738
6938,1007962
6939,45100
6940,25836616
6941,25480490
6942,455815
6943,180590
6944,14567883
6945,25900
6946,27610873
6947,176153
6948,4100000
6949,9479718
6950,128388320
6951,404785
6952,419953
6953,7282851
6954,9216
6955,8352885
6956,194720
6957,106498
6958,10018
6959,13308
6960,10006806
6961,13865435
6962,90565421
6963,23
6964,13275000
6965,200406
6966,16633035
6967,78382433
6968,53086
6969,13674
6970,5206
6971,46221189
6972,30
6973,129115
6974,1831348
6975,653951
6976,75143
6977,126463
6978,30668
6979,10076790
6980,10113733
6981,104507
6982,10541523
6983,70
6984,118338361
6985,167977596
6986,6819587
6987,48298
6988,190000
6989,143000
6990,205366737
6991,81010
6992,404
6993,370668
6994,17011
6995,21800302
6996,19478106
6997,2303
6998,3
6999,7266209
7000,25
7001,147315
7002,79
7003,228984
7004,1345903
7005,143597
7006,18
7007,56574
7008,58662452
7009,62985
7010,40239
7011,7965
7012,157768
7013,185898
7014,444098
7015,78382433
7016,76932943
7017,2120439
7018,4187
7019,9450897
7020,6808550
7021,260354
7022,4491986
7023,208588
7024,33245
7025,31576
7026,162360636
7027,17218080
7028,10
7029,443684
7030,14054361
7031,1749201
7032,1044824
7033,1404
7034,23000
7035,1296184
7036,3003
7037,223003
7038,9216
7039,5446000
7040,3400278
7041,17425000
7042,26250020
7043,248392
7044,9697739
7045,12314651
7046,5837674
7047,90565421
7048,81381
7049,10589102
7050,97
7051,15000
7052,25480490
7053,143451
7054,4001121
7055,25182929
7056,77628265
7057,596000
7058,49501
7059,11300653
7060,11176469
7061,3775000
7062,1831348
7063,180590
7064,9323833
7065,12036149
7066,22270
7067,70
7068,12036149
7069,241
7070,59468275
7071,136159423
7072,15
7073,5684789
7074,26144
7075,791830
7076,35431113
7077,4000000
7078,12000000
7079,34664
7080,2970
7081,9237470
7082,119563
7083,9188
7084,3769990
7085,5001655
7086,126
7087,60289912
7088,30353232
7089,26055
7090,1530216
7091,22270
7092,3324330
7093,15400000
7094,18564088
7095,37473
7096,3301446
7097,46221189
7098,30471
7099,10736401
7100,10759
7101,32788
7102,41232
7103,1103757
7104,2438031
7105,970816
7106,1461989
7107,23510601
7108,286201
7109,1914166
7110,7205
7111,9188
7112,12000000
7113,16671505
7114,2300000
7115,665450
7116,7171
7117,268431
7118,13865435
7119,52604
7120,25000
7121,13130349
7122,404785
7123,1200627
7124,173000000
7125,5483299
7126,95000000
7127,11203026
7128,4100000
7129,3100000
7130,9318
7131,23598
7132,1124445
7133,52099090
7134,4634062
7135,18626419
7136,1914166
7137,10442808
7138,2357852
7139,2260622
7140,7103973
7141,49501
7142,29657751
7143,41744718
7144,187716
7145,6673422
7146,1163967
7147,13204291
7148,173066
7149,111996
7150,1
7151,1530216
7152,23875127
7153,455815
7154,10006806
7155,93820758
7156,2119994
7157,9771658
7158,126463
7159,136203
7160,18000
7161,17508518
7162,121790373
7163,3775000
7164,147315
7165,84785914
7166,3193102
7167,536364
7168,641
7169,62985
7170,45100
7171,173066
7172,37473
7173,6700
7174,31000
7175,100
7176,6147
7177,42277365
7178,1969193
7179,12923936
7180,140987
7181,194720
7182,11203026
7183,4542
7184,880674609
7185,1055287
7186,17374595
7187,12434778
7188,413454
7189,7282851
7190,639000
7191,20
7192,1461989
7193,1296937
7194,90565421
7195,10442808
7196,2275557
7197,573335
7198,56574
7199,688510
7200,29700000
7201,192816
7202,6101904
7203,25
7204,5837674
7205,77628265
7206,39340177
7207,238207122
7208,59209
7209,31000
7210,48298
7211,7406
7212,819939
7213,4491986
7214,54744738
7215,49100000
7216,33463969
7217,8
7218,382174
7219,173066
7220,18195610
7221,3769990
7222,260354
7223,3225000
7224,63463
7225,1
7226,30471
7227,17300889
7228,2500000
7229,18432000
7230,639000
7231,5001655
7232,238207122
7233,2636637
7234,201596308
7235,12355798
7236,17300889
7237,3400278
7238,7205
7239,435000000
7240,12000000
7241,13395939
7242,260354
7243,143000
7244,4073489
7245,1404
7246,444098
7247,24769466
7248,5410749
7249,35456
7250,10
7251,1831348
7252,4600000
7253,7282851
7254,32056467
7255,204
7256,17808
7257,1000000
7258,1969193
7259,426224
7260,500
7261,128388320
7262,671
7263,18552460
7264,240093
7265,48298
7266,17425000
7267,25
7268,30668
7269,28931401
7270,48668907
7271,10018
7272,7500000
7273,9318
7274,794452
7275,4491986
7276,138000
7277,7191399
7278,29762011
7279,19412993
7280,87840042
7281,1914166
7282,1060056
7283,86658558
7284,3225000
7285,49100000
7286,25836616
7287,13380561
7288,1296937
7289,78309131
7290,593683
7291,1440000
7292,1400000
7293,660537
7294,2899975
7295,1749201
7296,11
7297,209696
7298,14000
7299,9188
7300,215576
7301,17654912
7302,444098
7303,62852
7304,1954937
7305,7205
7306,164508066
7307,16136
7308,25
7309,115860
7310,37473
7311,1723872
7312,56702901
7313,10166502
7314,5001655
7315,26055
7316,70918
7317,123820
7318,13395939
7319,58510
7320,56681566
7321,14353
7322,32
7323,754249
7324,502758
7325,49554002
7326,146936910
7327,939101
7328,49100000
7329,9323833
7330,193772504
7331,7191399
7332,15400000
7333,25182929
7334,3983997
7335,1400000
7336,444098
7337,157768
7338,5837674
7339,14110589
7340,641
7341,48752
7342,9323833
7343,2357852
7344,37598
7345,9188
7346,14000
7347,5483299
7348,17808
7349,1060056
7350,1151330
7351,208588
7352,20
7353,8
7354,25000
7355,8613462
7356,24902723
7357,744816
7358,46474
7359,25182929
7360,6819587
7361,48752
7362,95000000
7363,435000000
7364,15
7365,13670688
7366,1969193
7367,525
7368,21833
7369,10589102
7370,15395087
7371,7424
7372,9450897
7373,305875730
7374,532269
7375,12434778
7376,135893
7377,4100000
7378,2000000
7379,46221189
7380,1519796
7381,188126
7382,185898
7383,62852
7384,443684
7385,32056467
7386,3769990
7387,25
7388,587615
7389,10018
7390,28200
7391,161410
7392,1461989
7393,369907963
7394,46221189
7395,6682098
7396,18564088
7397,572809
7398,176153
